Name,Time
0302CS221132,2026-03-11 08:05:00
0302CS221147,2026-03-11 20:57:08
0302CS221145,2026-03-11 20:57:08
0302CS221111,2026-03-11 20:57:08
0302CS221101,2026-03-11 20:57:08
0302CS221147,2026-03-12 18:40:40
0302CS221145,2026-03-12 18:40:40
0302CS221111,2026-03-12 18:40:40
0302CS221101,2026-03-12 18:40:40
0302CS221111,2026-03-13 14:16:47
0302CS221147,2026-03-13 14:17:56
0302CS221145,2026-03-13 14:17:56
0302CS221101,2026-03-13 14:17:56
0302CS221147,2026-03-14 19:55:52
0302CS221145,2026-03-14 19:55:52
0302CS221111,2026-03-14 19:55:52
0302CS221101,2026-03-14 19:55:52
0302CS221111,2026-03-15 13:02:01
0302CS221101,2026-03-15 13:11:56
0302CS221132,2026-03-15 13:48:07
0302CS221111,2026-03-15 14:28:31
0302CS221132,2026-03-15 14:35:25
0302CS221132,2026-03-15 22:01:07
0302CS221110,2026-03-15 22:24:00
0302CS221101,2026-03-16 10:05:54
0302CS221147,2026-03-16 10:09:19
0302CS221145,2026-03-16 10:09:19
0302CS221132,2026-03-16 10:09:19
6264282808,2026-03-16 10:34:22
Teach123456,2026-03-16 11:25:45
023cs6969,2026-03-17 20:21:46
0302BA221111,2026-03-17 20:22:55
0302CS221101,2026-03-18 12:33:57
0302CS231047,2026-03-18 12:40:49
0302CS231047,2026-03-18 14:12:59
Teach123,2026-03-18 14:15:38
0302CS231038,2026-03-24 15:20:59
0302CS231018,2026-03-24 15:22:58
0302cs231053,2026-03-24 15:22:59
0302CS231047,2026-03-24 15:23:04
0302CS231014,2026-03-24 15:23:06
Teach123456,2026-03-24 15:25:11
0302cs231003,2026-03-24 21:11:02
